<application>
  <component name="ProjectJdkTable">
    <jdk version="2">
      <name value="Python 3.7 (Prototype-1)" />
      <type value="Python SDK" />
      <version value="Python 3.7.4" />
      <homePath value="D:\Documents\Final year\Prototype-1\venv\Scripts\python.exe" />
      <roots>
        <classPath>
          <root type="composite">
            <root url="file://D:/Program Files/Python/DLLs" type="simple" />
            <root url="file://D:/Program Files/Python/Lib" type="simple" />
            <root url="file://D:/Program Files/Python" type="simple" />
            <root url="file://D:/Documents/Final year/Prototype-1/venv" type="simple" />
            <root url="file://D:/Documents/Final year/Prototype-1/venv/Lib/site-packages" type="simple" />
            <root url="jar://D:/Documents/Final year/Prototype-1/venv/Lib/site-packages/setuptools-40.8.0-py3.7.egg!/" type="simple" />
            <root url="file://D:/Documents/Final year/Prototype-1/venv/Lib/site-packages/pip-19.0.3-py3.7.egg" type="simple" />
            <root url="file://$USER_HOME$/.PyCharmCE2019.3/system/python_stubs/800025470" type="simple" />
            <root url="file://$APPLICATION_HOME_DIR$/plugins/python-ce/helpers/python-skeletons" type="simple" />
            <root url="file://$APPLICATION_HOME_DIR$/plugins/python-ce/helpers/typeshed/stdlib/3" type="simple" />
            <root url="file://$APPLICATION_HOME_DIR$/plugins/python-ce/helpers/typeshed/stdlib/2and3" type="simple" />
            <root url="file://$APPLICATION_HOME_DIR$/plugins/python-ce/helpers/typeshed/third_party/3" type="simple" />
            <root url="file://$APPLICATION_HOME_DIR$/plugins/python-ce/helpers/typeshed/third_party/2and3" type="simple" />
          </root>
        </classPath>
        <sourcePath>
          <root type="composite" />
        </sourcePath>
      </roots>
      <additional ASSOCIATED_PROJECT_PATH="D:/Documents/Final year/Prototype-1" />
    </jdk>
    <jdk version="2">
      <name value="Python 3.7 (SanFran)" />
      <type value="Python SDK" />
      <version value="Python 3.7.4" />
      <homePath value="D:\Documents\Final year\SanFran\venv\Scripts\python.exe" />
      <roots>
        <classPath>
          <root type="composite">
            <root url="file://D:/Program Files/Python/DLLs" type="simple" />
            <root url="file://D:/Program Files/Python/Lib" type="simple" />
            <root url="file://D:/Program Files/Python" type="simple" />
            <root url="file://D:/Documents/Final year/SanFran/venv" type="simple" />
            <root url="file://D:/Documents/Final year/SanFran/venv/Lib/site-packages" type="simple" />
            <root url="jar://D:/Documents/Final year/SanFran/venv/Lib/site-packages/setuptools-40.8.0-py3.7.egg!/" type="simple" />
            <root url="file://D:/Documents/Final year/SanFran/venv/Lib/site-packages/pip-19.0.3-py3.7.egg" type="simple" />
            <root url="file://$USER_HOME$/.PyCharmCE2019.3/system/python_stubs/-1018977743" type="simple" />
            <root url="file://$APPLICATION_HOME_DIR$/plugins/python-ce/helpers/python-skeletons" type="simple" />
            <root url="file://$APPLICATION_HOME_DIR$/plugins/python-ce/helpers/typeshed/stdlib/3" type="simple" />
            <root url="file://$APPLICATION_HOME_DIR$/plugins/python-ce/helpers/typeshed/stdlib/2and3" type="simple" />
            <root url="file://$APPLICATION_HOME_DIR$/plugins/python-ce/helpers/typeshed/third_party/3" type="simple" />
            <root url="file://$APPLICATION_HOME_DIR$/plugins/python-ce/helpers/typeshed/third_party/2and3" type="simple" />
          </root>
        </classPath>
        <sourcePath>
          <root type="composite" />
        </sourcePath>
      </roots>
      <additional ASSOCIATED_PROJECT_PATH="D:/Documents/Final year/SanFran" />
    </jdk>
  </component>
</application>